Metric,R-squared,RMSE
Value_general,0.8426604087462131,0.3319823061062322
Value_1_ta1,0.8260550190203687,0.5293833931523465
Value_2_ta1,0.8192118033020738,0.5351828076361471
Value_1_ta2,0.840794180408881,0.6257209162724455
Value_2_ta2,0.8278999147293028,0.6411585424425857
Value_1_ta3,0.8778750672018942,0.64797175928896
Value_2_ta3,0.8343801144030629,0.7253854204960817
Value_1_ta4,0.8520332547381395,0.8449993171815623
Value_2_ta4,0.8632934054942548,0.7499518508349652
