Metric,Value_general,Value_1_ta1,Value_2_ta1
R-squared,-24.695809404599704,-13.529425214659279,-15.241545371465868
RMSE,4.242551078757633,4.838253051436144,5.072602039811135
